<?xml version="1.0" encoding="utf-8"?>
<browserconfig>
  <msapplication>
    <tile>
      <square70x70logo src="http://wutsapp.net/images/mstile-70x70.png?v=5"/>
      <square150x150logo src="http://wutsapp.net/images/mstile-150x150.png?v=5"/>
      <square310x310logo src="http://wutsapp.net/images/mstile-310x310.png?v=5"/>
      <wide310x150logo src="http://wutsapp.net/images/mstile-310x150.png?v=5"/>
      <TileColor>#075e54</TileColor>
    </tile>
  </msapplication>
</browserconfig>
